vehicle,notch,speed_bin,accel,uncertainty,count
30618,-15,1-2,-0.03125,0.75000,178
30618,-8,1-2,-0.79262,0.35000,80
30618,-8,2-3,-0.06259,0.35000,1583
30618,-8,3-5,-0.05228,0.35000,1540
30618,-8,5-8,-0.13005,0.35000,478
30618,-8,8-12,-0.07619,0.35000,907
30618,-7,1-2,-0.70978,0.20000,99
30618,-7,2-3,-0.77802,0.20000,389
30618,-7,3-5,-0.75464,0.20000,646
30618,-7,5-8,-0.81792,0.20000,494
30618,-7,8-12,-0.77510,0.20000,289
30618,-6,1-2,-0.67564,0.20000,293
30618,-6,2-3,-0.71277,0.20000,465
30618,-6,3-5,-0.68201,0.20000,1005
30618,-6,5-8,-0.74449,0.20000,1104
30618,-6,8-12,-0.74213,0.20000,633
30618,-5,1-2,-0.63333,0.20000,402
30618,-5,2-3,-0.68571,0.20000,613
30618,-5,3-5,-0.67132,0.20000,1537
30618,-5,5-8,-0.68862,0.20000,2121
30618,-5,8-12,-0.69545,0.20000,1814
30618,-5,12-20,-0.69339,0.20000,306
30618,-4,1-2,-0.59376,0.20000,534
30618,-4,2-3,-0.63890,0.20000,682
30618,-4,3-5,-0.62821,0.20000,1471
30618,-4,5-8,-0.67524,0.20000,2544
30618,-4,8-12,-0.68538,0.20000,2296
30618,-4,12-20,-0.63436,0.20000,308
30618,-3,1-2,-0.56637,0.20000,368
30618,-3,2-3,-0.58039,0.20000,482
30618,-3,3-5,-0.58517,0.20000,1158
30618,-3,5-8,-0.64713,0.20000,1659
30618,-3,8-12,-0.66850,0.20000,814
30618,-2,1-2,-0.48659,0.20000,144
30618,-2,2-3,-0.17555,0.20000,290
30618,-2,3-5,-0.56781,0.20000,497
30618,-2,5-8,-0.10031,0.20000,1264
30618,-2,8-12,-0.58327,0.20000,267
30618,-1,2-3,-0.18267,0.20000,609
30618,-1,3-5,-0.19950,0.20000,371
30618,-1,5-8,-0.04734,0.20000,5244
30618,-1,8-12,-0.30038,0.22391,1304
30618,-1,12-20,-0.28686,0.20000,541
30618,0,1-2,-0.11668,1.73398,108
30618,0,2-3,-0.02332,0.20000,2211
30618,0,3-5,-0.01275,0.20000,3452
30618,0,5-8,0.05152,0.20000,3413
30618,0,8-12,0.00527,0.20000,4998
30618,0,12-20,0.00101,0.20000,832
30618,1,2-3,0.06162,0.20000,692
30618,1,3-5,0.03193,0.20000,2706
30618,1,5-8,0.08577,0.20000,621
30618,1,8-12,0.07505,0.20000,3111
30618,1,12-20,0.05268,0.20000,1654
30618,2,2-3,0.01718,0.20000,620
30618,2,3-5,0.04654,0.20000,517
30618,2,8-12,0.11557,0.20000,561
30618,2,12-20,0.07350,0.20000,646
30618,3,2-3,0.02473,0.20000,102
30618,3,8-12,0.06023,0.20000,441
30618,3,12-20,0.10324,0.20000,309
30618,4,8-12,0.01391,0.20000,670
30618,4,12-20,-0.01612,0.20000,305
30618,5,8-12,0.03604,0.20000,166
30618,5,12-20,0.22065,0.20000,204
30618,6,1-2,0.74166,0.20000,259
30618,6,2-3,0.69898,0.20000,117
30618,6,12-20,0.10398,0.20000,106
30618,7,1-2,0.67895,0.20000,235
30618,7,2-3,0.78095,0.20000,97
30618,8,2-3,0.96429,0.20000,186
30618,8,3-5,0.98954,0.20000,278
30618,8,5-8,0.94288,0.20000,121
30618,9,2-3,0.95315,0.20000,447
30618,9,3-5,0.96619,0.20000,740
30618,9,5-8,0.92699,0.20000,421
30618,10,2-3,0.89651,0.20000,268
30618,10,3-5,0.94359,0.20000,928
30618,10,5-8,0.90124,0.20000,1011
30618,11,3-5,0.92469,0.20000,649
30618,11,5-8,0.87735,0.20000,1002
30618,11,8-12,0.82359,0.20000,103
30618,12,3-5,0.90125,0.20000,211
30618,12,5-8,0.85540,0.20000,492
30618,13,3-5,0.92161,0.20000,90
30618,13,5-8,0.83720,0.20000,290
30618,13,8-12,0.79958,0.20000,150
30618,14,5-8,0.82878,0.20000,84
30618,14,8-12,0.78426,0.20000,108
30618,15,5-8,0.70863,0.41621,834
30618,15,8-12,0.61507,0.20000,3487
30618,15,12-20,0.54415,0.20000,141
30639,-8,3-5,-0.13455,0.40124,252
30639,-8,5-8,-0.08893,0.35651,552
30639,-6,2-3,-0.69847,0.20000,124
30639,-5,1-2,-0.63941,0.20000,220
30639,-5,2-3,-0.65746,0.20000,296
30639,-5,3-5,-0.63998,0.20000,435
30639,-5,5-8,-0.69873,0.20000,234
30639,-5,8-12,-0.74502,0.20000,299
30639,-4,1-2,-0.60413,0.20000,195
30639,-4,2-3,-0.65752,0.20000,390
30639,-4,3-5,-0.62745,0.20000,679
30639,-4,5-8,-0.67318,0.20000,781
30639,-4,8-12,-0.71323,0.20000,533
30639,-4,12-20,-0.68420,0.20000,134
30639,-3,1-2,-0.54685,0.20000,204
30639,-3,2-3,-0.60275,0.20000,201
30639,-3,3-5,-0.61201,0.20000,369
30639,-3,5-8,-0.65574,0.20000,783
30639,-3,8-12,-0.71432,0.20000,328
30639,-2,1-2,-0.51827,0.20000,82
30639,-2,2-3,-0.54458,0.20000,143
30639,-2,3-5,-0.57472,0.20000,250
30639,-2,5-8,-0.60496,0.20000,200
30639,-2,8-12,-0.64124,0.20000,94
30639,-1,2-3,-0.25527,0.20000,105
30639,-1,3-5,-0.28136,0.20000,171
30639,-1,5-8,-0.10409,0.20000,911
30639,-1,8-12,-0.12048,0.20000,694
30639,0,2-3,-0.00227,0.20000,385
30639,0,3-5,0.00241,0.20000,852
30639,0,5-8,0.00021,0.20000,131
30639,0,8-12,-0.00498,1.00236,2337
30639,1,3-5,0.02442,0.20000,318
30639,1,8-12,0.10167,0.20000,891
30639,1,12-20,0.09850,0.20000,110
30639,2,2-3,-0.00445,0.20000,149
30639,2,8-12,0.08202,0.20000,288
30639,2,12-20,0.12500,0.20000,122
30639,3,8-12,0.06688,0.20000,122
30639,4,8-12,0.03436,0.20000,91
30639,8,3-5,1.04257,0.20000,208
30639,8,5-8,0.95084,0.20000,157
30639,9,2-3,0.95434,0.20000,123
30639,9,3-5,0.98564,0.20000,175
30639,9,5-8,0.91622,0.20000,146
30639,10,3-5,0.95738,0.20000,255
30639,10,5-8,0.89672,0.20000,208
30639,11,5-8,0.88687,0.20000,101
30639,15,8-12,0.59227,0.20000,388
