direction,s,bag_count,event_count,mad_m,min_s,max_s
out,145.173452742314,12,12,0.09033739161681353,144.01710399979893,145.5976681412469
out,190.53419934813004,9,9,0.0712892674702914,179.79334381092286,191.83980285792546
out,880.1665446213788,12,12,0.160327407901093,877.8892784343658,882.3220099064694
out,3000.2443474352986,13,13,0.11211273477010764,2999.667653940839,3002.505092473625
out,3222.0263889285616,6,6,0.6914070320710834,3221.0967392472844,3231.3071535798463
out,3433.120476821993,16,16,0.30363886170175647,3432.712065725195,3434.4377748134466
out,3920.7506916839047,7,7,0.20323927460185587,3920.4483848289483,3921.6138360991713
out,4100.581416670974,12,12,0.6521534335306569,4099.464295405739,4101.778798361527
out,4576.905567459911,12,12,0.17739496836293256,4573.660521763138,4577.78672101396
out,4997.197875093953,9,9,0.0869478777394761,4996.881803979583,4997.837762262522
out,5217.589540725941,10,10,0.13431766678513668,5217.048898304034,5218.1863513766675
out,5334.532458923245,11,11,0.1767410580860087,5334.318926612196,5335.644270534111
return,224.48115589505727,12,12,0.07461923951521499,224.15261031249105,224.57308653752278
return,437.62082636551827,12,12,0.055582562334763,437.31141246904104,437.6909811566098
return,850.4985988918303,14,15,0.10096497862161868,848.916227955422,862.2245194115602
return,1442.0256949319228,15,16,0.23476538892225562,1424.193064480708,1442.7257504930458
return,2004.588449400845,14,14,0.16351661249609606,2004.0089274850238,2004.7794931989179
return,2172.6781205829016,7,7,0.20456442499516925,2171.9483082186234,2172.992352065124
return,2435.2598641401246,13,13,0.30556475679077266,2434.7868549004265,2443.663311969539
return,4558.42383814655,14,14,0.11624183815911238,4557.764266723453,4570.522434001437
return,4850.753015591548,6,6,0.18121763939006996,4849.418432750387,4851.127067082846
return,5233.012923530423,6,6,0.10087742453697501,5232.611089001613,5237.241524610225
return,5315.254694380925,8,8,0.2540072898023027,5314.993863628729,5316.702373560928
